{"cameraMode":{"drawMode":0,"name":"Shaded","section":"Shading Mode"},"sceneLighting":true,"audioPlay":false,"sceneViewState":{"showFog":true,"showMaterialUpdate":false,"showSkybox":true,"showFlares":true,"showImageEffects":true,"showParticleSystems":true},"in2DMode":false,"pivot":{"x":383.6853942871094,"y":-94.9172134399414,"z":-626.2344360351563},"rotation":{"x":0.018124893307685853,"y":0.9594035744667053,"z":-0.06341440975666046,"w":0.27421677112579348},"size":758.4257202148438,"orthographic":false}