{"cameraMode":{"drawMode":0,"name":"Shaded","section":"Shading Mode"},"sceneLighting":false,"audioPlay":false,"sceneViewState":{"showFog":true,"showMaterialUpdate":false,"showSkybox":true,"showFlares":true,"showImageEffects":true,"showParticleSystems":true},"in2DMode":false,"pivot":{"x":0.0,"y":-0.25747352838516238,"z":-6.992861747741699},"rotation":{"x":0.07730203121900559,"y":-0.9098494648933411,"z":0.19708335399627686,"w":0.3568706214427948},"size":40.86918640136719,"orthographic":false}