{"cameraMode":{"drawMode":0,"name":"Shaded","section":"Shading Mode"},"sceneLighting":true,"audioPlay":false,"sceneViewState":{"showFog":true,"showMaterialUpdate":false,"showSkybox":true,"showFlares":true,"showImageEffects":true,"showParticleSystems":true},"in2DMode":false,"pivot":{"x":-0.0559006929397583,"y":0.12999999523162843,"z":14.196890830993653},"rotation":{"x":-0.18042799830436707,"y":-0.7765757441520691,"z":0.2563997805118561,"w":-0.5464751720428467},"size":14.243297576904297,"orthographic":false}