{"cameraMode":{"drawMode":0,"name":"Shaded","section":"Shading Mode"},"sceneLighting":false,"audioPlay":false,"sceneViewState":{"showFog":true,"showMaterialUpdate":false,"showSkybox":true,"showFlares":true,"showImageEffects":true,"showParticleSystems":true},"in2DMode":false,"pivot":{"x":16.46061134338379,"y":-0.9800010919570923,"z":0.7850188612937927},"rotation":{"x":0.2318677455186844,"y":-0.5692164301872253,"z":0.1714136302471161,"w":0.7699658274650574},"size":20.976863861083986,"orthographic":false}