{"cameraMode":{"drawMode":0,"name":"Shaded","section":"Shading Mode"},"sceneLighting":false,"audioPlay":false,"sceneViewState":{"showFog":true,"showMaterialUpdate":false,"showSkybox":true,"showFlares":true,"showImageEffects":true,"showParticleSystems":true},"in2DMode":false,"pivot":{"x":-0.17862701416015626,"y":0.08830121159553528,"z":-6.720695495605469},"rotation":{"x":0.02446967363357544,"y":0.9232140779495239,"z":-0.05963165685534477,"w":0.3788417875766754},"size":20.522531509399415,"orthographic":false}