{"cameraMode":{"drawMode":0,"name":"Shaded","section":"Shading Mode"},"sceneLighting":false,"audioPlay":false,"sceneViewState":{"showFog":true,"showMaterialUpdate":false,"showSkybox":true,"showFlares":true,"showImageEffects":true,"showParticleSystems":true},"in2DMode":false,"pivot":{"x":-40.98216247558594,"y":19.46014976501465,"z":-41.00383377075195},"rotation":{"x":0.15737590193748475,"y":0.3091852366924286,"z":-0.05196034535765648,"w":0.936449408531189},"size":21.039581298828126,"orthographic":false}