{"cameraMode":{"drawMode":0,"name":"Shaded","section":"Shading Mode"},"sceneLighting":false,"audioPlay":false,"sceneViewState":{"showFog":true,"showMaterialUpdate":false,"showSkybox":true,"showFlares":true,"showImageEffects":true,"showParticleSystems":true},"in2DMode":false,"pivot":{"x":206.06417846679688,"y":-1.1125752925872803,"z":-87.79694366455078},"rotation":{"x":0.07730203121900559,"y":-0.9098494648933411,"z":0.19708335399627686,"w":0.3568706214427948},"size":24.32257843017578,"orthographic":false}