{"cameraMode":{"drawMode":0,"name":"Shaded","section":"Shading Mode"},"sceneLighting":false,"audioPlay":false,"sceneViewState":{"showFog":true,"showMaterialUpdate":false,"showSkybox":true,"showFlares":true,"showImageEffects":true,"showParticleSystems":true},"in2DMode":false,"pivot":{"x":6.4427900314331059,"y":6.130558013916016,"z":5.756346702575684},"rotation":{"x":0.25913283228874209,"y":-0.583743155002594,"z":0.20386895537376405,"w":0.7419781684875488},"size":37.21076202392578,"orthographic":false}