{"cameraMode":{"drawMode":0,"name":"Shaded","section":"Shading Mode"},"sceneLighting":false,"audioPlay":false,"sceneViewState":{"showFog":true,"showMaterialUpdate":false,"showSkybox":true,"showFlares":true,"showImageEffects":true,"showParticleSystems":true},"in2DMode":false,"pivot":{"x":209.0162353515625,"y":-1.2847950458526612,"z":-111.40679931640625},"rotation":{"x":-0.18042799830436707,"y":-0.7765757441520691,"z":0.2563997805118561,"w":-0.5464751720428467},"size":15.442832946777344,"orthographic":false}