{"cameraMode":{"drawMode":0,"name":"Shaded","section":"Shading Mode"},"sceneLighting":false,"audioPlay":false,"sceneViewState":{"showFog":true,"showMaterialUpdate":false,"showSkybox":true,"showFlares":true,"showImageEffects":true,"showParticleSystems":true},"in2DMode":false,"pivot":{"x":4.57600212097168,"y":6.41372013092041,"z":-1.6475920677185059},"rotation":{"x":0.2318677455186844,"y":-0.5692164301872253,"z":0.1714136302471161,"w":0.7699658274650574},"size":21.039581298828126,"orthographic":false}