{"cameraMode":{"drawMode":0,"name":"Shaded","section":"Shading Mode"},"sceneLighting":true,"audioPlay":false,"sceneViewState":{"showFog":true,"showMaterialUpdate":false,"showSkybox":true,"showFlares":true,"showImageEffects":true,"showParticleSystems":true},"in2DMode":false,"pivot":{"x":-4.815688610076904,"y":0.7903417348861694,"z":-1.5679317712783814},"rotation":{"x":-0.0316549576818943,"y":-0.8627023100852966,"z":0.054424386471509936,"w":-0.5017775297164917},"size":4.095324993133545,"orthographic":false}