{"cameraMode":{"drawMode":0,"name":"Shaded","section":"Shading Mode"},"sceneLighting":false,"audioPlay":false,"sceneViewState":{"showFog":true,"showMaterialUpdate":false,"showSkybox":true,"showFlares":true,"showImageEffects":true,"showParticleSystems":true},"in2DMode":false,"pivot":{"x":-13.686781883239746,"y":-9.479134559631348,"z":-17.59048080444336},"rotation":{"x":0.02446967363357544,"y":0.9232140779495239,"z":-0.05963165685534477,"w":0.3788417875766754},"size":22.0,"orthographic":false}