{"cameraMode":{"drawMode":0,"name":"Shaded","section":"Shading Mode"},"sceneLighting":true,"audioPlay":false,"sceneViewState":{"showFog":true,"showMaterialUpdate":false,"showSkybox":true,"showFlares":true,"showImageEffects":true,"showParticleSystems":true},"in2DMode":false,"pivot":{"x":-4.076245307922363,"y":5.903861999511719,"z":-1.2818865776062012},"rotation":{"x":0.07730203121900559,"y":-0.9098494648933411,"z":0.19708335399627686,"w":0.3568706214427948},"size":40.54389572143555,"orthographic":false}